	pred_past	pred_now	pred_future
true_past	0.5952380952380952	0.36607142857142855	0.03869047619047619
true_now	0.03653846153846154	0.9051282051282051	0.058333333333333334
true_future	0.03435114503816794	0.4083969465648855	0.5572519083969466
