	pred_past	pred_now	pred_future
true_past	0.7470238095238095	0.20833333333333334	0.044642857142857144
true_now	0.05128205128205128	0.9	0.04871794871794872
true_future	0.04198473282442748	0.32061068702290074	0.6374045801526718
