	precision	recall	f1-score	support
past	0.7157894736842105	0.6053412462908012	0.6559485530546624	337.0
now	0.8238702201622248	0.9109545163356823	0.8652266504411317	1561.0
future	0.7597087378640777	0.5961904761904762	0.6680896478121665	525.0
accuracy	0.8002476269087908	0.8002476269087908	0.8002476269087908	0.8002476269087908
macro avg	0.7664561439035044	0.7041620796056532	0.7297549504359869	2423.0
weighted avg	0.7949358455152508	0.8002476269087908	0.7934050882457347	2423.0
