	precision	recall	f1-score	support
past	0.7098976109215017	0.6172106824925816	0.6603174603174604	337.0
now	0.824724318049913	0.9103139013452914	0.8654080389768574	1561.0
future	0.7714987714987716	0.5980952380952381	0.6738197424892703	525.0
accuracy	0.8018984729673958	0.8018984729673958	0.8018984729673958	0.8018984729673958
macro avg	0.7687069001567287	0.7085399406443704	0.7331817472611961	2423.0
weighted avg	0.7972212176612941	0.8018984729673958	0.7953711505475549	2423.0
