	precision	recall	f1-score	support
past	0.7152777777777778	0.6112759643916914	0.6592	337.0
now	0.8233931673422119	0.9109545163356823	0.864963503649635	1561.0
future	0.7671568627450981	0.5961904761904762	0.6709539121114684	525.0
accuracy	0.8010730499380933	0.8010730499380933	0.8010730499380933	0.8010730499380933
macro avg	0.7686092692883625	0.7061403189726166	0.7317058052537012	2423.0
weighted avg	0.7961711507525714	0.8010730499380933	0.7943083916861746	2423.0
