	precision	recall	f1-score	support
past	0.7118055555555556	0.6083086053412463	0.656	337.0
now	0.8231884057971014	0.9096732863549007	0.8642726719415703	1561.0
future	0.7658536585365854	0.5980952380952381	0.6716577540106952	525.0
accuracy	0.8002476269087908	0.8002476269087908	0.8002476269087908	0.8002476269087908
macro avg	0.7669492066297474	0.705359043263795	0.7306434753174219	2423.0
weighted avg	0.7952739349579879	0.8002476269087908	0.7935707642411911	2423.0
