	precision	recall	f1-score	support
past	0.7197231833910035	0.6172106824925816	0.6645367412140576	337.0
now	0.8255072463768116	0.9122357463164638	0.8667072428484479	1561.0
future	0.7628361858190709	0.5942857142857143	0.6680942184154176	525.0
accuracy	0.8023111844820471	0.8023111844820471	0.8023111844820471	0.8023111844820471
macro avg	0.769355538528962	0.7079107143649198	0.7331127341593078	2423.0
weighted avg	0.797215238114727	0.8023111844820471	0.795554417063004	2423.0
