	precision	recall	f1-score	support
past	0.697594501718213	0.6023738872403561	0.6464968152866242	337.0
now	0.819557625145518	0.9019859064702114	0.8587984141506556	1561.0
future	0.7439613526570048	0.5866666666666667	0.6560170394036209	525.0
accuracy	0.7919933966157656	0.7919933966157656	0.7919933966157656	0.7919933966157656
macro avg	0.7537044931735787	0.6970088201257448	0.7204374229469668	2423.0
weighted avg	0.7862148205019062	0.7919933966157656	0.7853333458223966	2423.0
