	precision	recall	f1-score	support
past	0.7198581560283688	0.6023738872403561	0.6558966074313408	337.0
now	0.8231884057971014	0.9096732863549007	0.8642726719415703	1561.0
future	0.7572115384615384	0.6	0.669500531349628	525.0
accuracy	0.7998349153941395	0.7998349153941395	0.7998349153941395	0.7998349153941395
macro avg	0.7667527000956694	0.7040157245317523	0.729889936907513	2423.0
weighted avg	0.7945214022794648	0.7998349153941395	0.7930889709301311	2423.0
