	precision	recall	f1-score	support
past	0.5173501577287066	0.486646884272997	0.5015290519877675	337.0
now	0.7869750456482045	0.8283151825752723	0.8071161048689137	1561.0
future	0.6112311015118791	0.539047619047619	0.5728744939271255	525.0
accuracy	0.7181180354931903	0.7181180354931903	0.7181180354931903	0.7181180354931903
macro avg	0.6385187682962634	0.6180032286319628	0.6271732169279356	2423.0
weighted avg	0.7113955335143037	0.7181180354931903	0.713859942027236	2423.0
