	precision	recall	f1-score	support
past	0.688135593220339	0.6023738872403561	0.6424050632911392	337.0
now	0.822533566841798	0.9026265214606022	0.8607208307880269	1561.0
future	0.7542168674698795	0.5961904761904762	0.6659574468085107	525.0
accuracy	0.7944696657036732	0.7944696657036732	0.7944696657036732	0.7944696657036732
macro avg	0.7549620091773388	0.7003969616304783	0.7230277802958923	2423.0
weighted avg	0.7890385671386659	0.7944696657036732	0.7881565756350358	2423.0
