	precision	recall	f1-score	support
past	0.7110481586402266	0.7470238095238095	0.7285921625544267	336.0
now	0.8550548112058465	0.9	0.876951905059338	1560.0
future	0.7858823529411765	0.6374045801526718	0.7038988408851423	524.0
accuracy	0.821900826446281	0.821900826446281	0.821900826446281	0.821900826446281
macro avg	0.7839951075957498	0.7614761298921605	0.769814302832969	2420.0
weighted avg	0.8200826610435591	0.821900826446281	0.8188822029482103	2420.0
