	precision	recall	f1-score	support
past	0.730909090909091	0.5964391691394659	0.6568627450980392	337.0
now	0.8228505481823427	0.9135169762972454	0.8658166363084395	1561.0
future	0.7614457831325301	0.6019047619047619	0.6723404255319149	525.0
accuracy	0.8018984729673958	0.8018984729673958	0.8018984729673958	0.8018984729673958
macro avg	0.7717351407413213	0.7039536357804911	0.7316732689794646	2423.0
weighted avg	0.7967581945908291	0.8018984729673958	0.7948333626825294	2423.0
