	precision	recall	f1-score	support
past	0.7477477477477478	0.7388724035608308	0.7432835820895523	337.0
now	0.8581818181818182	0.9071108263933376	0.8819682341949548	1561.0
future	0.7840909090909091	0.6571428571428571	0.7150259067357512	525.0
accuracy	0.8295501444490301	0.8295501444490301	0.8295501444490301	0.8295501444490301
macro avg	0.7966734916734918	0.7677086956990085	0.780092574340086	2423.0
weighted avg	0.8267686902375305	0.8295501444490301	0.826507462558305	2423.0
