	precision	recall	f1-score	support
past	0.6711409395973155	0.5934718100890207	0.6299212598425197	337.0
now	0.824808935920047	0.8987828315182576	0.8602084610668302	1561.0
future	0.75	0.6057142857142858	0.6701791359325605	525.0
accuracy	0.7928188196450681	0.7928188196450681	0.7928188196450681	0.7928188196450681
macro avg	0.7486499585057875	0.6993229757738547	0.7201029522806368	2423.0
weighted avg	0.7872270927013986	0.7928188196450681	0.7870049189669193	2423.0
