	precision	recall	f1-score	support
past	0.7272727272727273	0.5934718100890207	0.6535947712418301	337.0
now	0.8192771084337349	0.9147982062780269	0.8644067796610169	1561.0
future	0.7802469135802469	0.6019047619047619	0.6795698924731184	525.0
accuracy	0.8023111844820471	0.8023111844820471	0.8023111844820471	0.8023111844820471
macro avg	0.775598916428903	0.7033915927572698	0.7325238144586551	2423.0
weighted avg	0.7980239805966153	0.8023111844820471	0.7950369849392204	2423.0
