	precision	recall	f1-score	support
past	0.7272727272727273	0.5952380952380952	0.6546644844517185	336.0
now	0.8073184676958262	0.9051282051282051	0.8534300392867936	1560.0
future	0.7373737373737373	0.5572519083969466	0.6347826086956522	524.0
accuracy	0.7867768595041322	0.7867768595041322	0.7867768595041322	0.7867768595041322
macro avg	0.757321644114097	0.6858727362544156	0.7142923774780549	2420.0
weighted avg	0.781059621633456	0.7867768595041322	0.7784893450494617	2420.0
