	precision	recall	f1-score	support
past	0.0	0.0	0.0	337.0
now	0.6440957886044592	0.9993593850096092	0.7833291488827517	1561.0
future	0.0	0.0	0.0	525.0
accuracy	0.6438299628559637	0.6438299628559637	0.6438299628559637	0.6438299628559637
macro avg	0.21469859620148637	0.33311979500320305	0.26110971629425056	2423.0
weighted avg	0.414953993401387	0.6438299628559637	0.5046540657886815	2423.0
