	precision	recall	f1-score	support
past	0.0	0.0	0.0	337.0
now	0.6422933111757374	0.9903907751441384	0.7792338709677419	1561.0
future	0.08333333333333333	0.0019047619047619048	0.0037243947858473	525.0
accuracy	0.6384647131654974	0.6384647131654974	0.6384647131654974	0.6384647131654974
macro avg	0.24187554816969026	0.3307651790163001	0.2609860885845297	2423.0
weighted avg	0.43184888928820714	0.6384647131654974	0.5028226908143686	2423.0
