	precision	recall	f1-score	support
past	0.15267175572519084	0.11869436201780416	0.1335559265442404	337.0
now	0.6402203856749311	0.7443946188340808	0.688388625592417	1561.0
future	0.21098265895953758	0.13904761904761906	0.16762342135476466	525.0
accuracy	0.5262071811803549	0.5262071811803549	0.5262071811803549	0.5262071811803549
macro avg	0.33462493345321986	0.33404553329983466	0.3298559911638073	2423.0
weighted avg	0.4794058190968692	0.5262071811803549	0.4983843532837075	2423.0
