	precision	recall	f1-score	support
past	0.0	0.0	0.0	337.0
now	0.643773272652048	0.9967969250480462	0.7823026646556058	1561.0
future	0.0	0.0	0.0	525.0
accuracy	0.6421791167973586	0.6421791167973586	0.6421791167973586	0.6421791167973586
macro avg	0.21459109088401598	0.3322656416826821	0.2607675548852019	2423.0
weighted avg	0.41474621486167845	0.6421791167973586	0.5039927608449858	2423.0
