	precision	recall	f1-score	support
past	0.0	0.0	0.0	337.0
now	0.6442148760330578	0.9987187700192185	0.7832202964079377	1561.0
future	0.0	0.0	0.0	525.0
accuracy	0.6434172513413124	0.6434172513413124	0.6434172513413124	0.6434172513413124
macro avg	0.21473829201101927	0.33290625667307283	0.2610734321359792	2423.0
weighted avg	0.41503071460487134	0.6434172513413124	0.5045839383791956	2423.0
