	precision	recall	f1-score	support
past	0.0	0.0	0.0	337.0
now	0.6446280991735537	0.9993593850096092	0.7837226827430293	1561.0
future	1.0	0.0019047619047619048	0.0038022813688212928	525.0
accuracy	0.6442426743706149	0.6442426743706149	0.6442426743706149	0.6442426743706149
macro avg	0.5482093663911846	0.3337547156381237	0.26250832137061686	2423.0
weighted avg	0.6319704757779271	0.6442426743706149	0.5057314508792818	2423.0
