	past	now	future
mean			79.56470588235294
median			94.0
std			29.899214458077047
min			17.0
max			160.0
