	past	now	future
mean			74.116568914956
median			71.0
std			49.19807738567086
min			4.0
max			248.0
