	past	now	future
mean			66.30575035063113
median			56.0
std			47.51648658924503
min			7.0
max			197.0
