	past	now	future
mean			84.84070796460178
median			94.0
std			35.62893245756515
min			12.0
max			124.0
