	past	now	future
mean		58.36535662299855	
median		49.0	
std		51.20456233496162	
min		3.0	
max		229.0	
