	past	now	future
mean		107.75799721835884	
median		92.0	
std		71.3415427041042	
min		9.0	
max		357.0	
