	past	now	future
mean		105.325952170062	
median		88.0	
std		60.55466179617786	
min		6.0	
max		357.0	
