	past	now	future
mean		70.50352467270896	
median		55.0	
std		63.261189224997445	
min		4.0	
max		229.0	
