	past	now	future
mean	110.66304347826087		
median	103.0		
std	55.12009286713112		
min	16.0		
max	239.0		
