	past	now	future
mean	142.77777777777777		
median	160.0		
std	43.16646813941587		
min	36.0		
max	224.0		
