	past	now	future
mean	109.32364975450082		
median	97.0		
std	63.7207213448837		
min	11.0		
max	357.0		
