	past	now	future
mean	113.40198735320686		
median	99.0		
std	62.27307554801358		
min	11.0		
max	357.0		
