	precision	recall	f1-score	support
past	0.13978494623655913	0.0771513353115727	0.09942638623326959	337.0
now	0.6469428007889546	0.840486867392697	0.7311228754527723	1561.0
future	0.22009569377990432	0.08761904761904762	0.1253405994550409	525.0
accuracy	0.5711927362773421	0.5711927362773421	0.5711927362773421	0.5711927362773421
macro avg	0.33560781360180597	0.3350857501077724	0.3186299537136943	2423.0
weighted avg	0.4839188931686869	0.5711927362773421	0.5120071462881906	2423.0
