	precision	recall	f1-score	support
past	0.13829787234042554	0.0771513353115727	0.09904761904761905	337.0
now	0.6453689945517583	0.83472133247918	0.7279329608938547	1561.0
future	0.20833333333333334	0.08571428571428572	0.12145748987854252	525.0
accuracy	0.5670656211308296	0.5670656211308296	0.5670656211308296	0.5670656211308296
macro avg	0.3306667334085058	0.3325289845016795	0.3161460232733388	2423.0
weighted avg	0.48014955983244656	0.5670656211308296	0.5090580197113453	2423.0
