	precision	recall	f1-score	support
past	0.11475409836065574	0.06231454005934718	0.08076923076923077	337.0
now	0.6441596845736817	0.8372837924407431	0.7281337047353761	1561.0
future	0.20853080568720378	0.0838095238095238	0.11956521739130434	525.0
accuracy	0.566240198101527	0.566240198101527	0.566240198101527	0.566240198101527
macro avg	0.32248152954051373	0.3278026187698714	0.3094893842986371	2423.0
weighted avg	0.47613870068214614	0.566240198101527	0.5062351147303291	2423.0
