	precision	recall	f1-score	support
past	0.13513513513513514	0.07418397626112759	0.09578544061302681	337.0
now	0.6455445544554456	0.8353619474695708	0.728288187657079	1561.0
future	0.20642201834862386	0.08571428571428572	0.12113055181695827	525.0
accuracy	0.5670656211308296	0.5670656211308296	0.5670656211308296	0.5670656211308296
macro avg	0.32903390264640153	0.3317534031483281	0.3150680600290214	2423.0
weighted avg	0.4794086461735529	0.5670656211308296	0.5087623170132867	2423.0
