	precision	recall	f1-score	support
past	0.1377551020408163	0.08011869436201781	0.10131332082551595	337.0
now	0.6480836236933798	0.8340807174887892	0.7294117647058823	1561.0
future	0.22477064220183487	0.09333333333333334	0.13189771197846567	525.0
accuracy	0.5687164671894346	0.5687164671894346	0.5687164671894346	0.5687164671894346
macro avg	0.33686978931201034	0.33584424839471344	0.3208742658366213	2423.0
weighted avg	0.48538447921134303	0.5687164671894346	0.5125879705376705	2423.0
