	precision	recall	f1-score	support
past	0.1377551020408163	0.08011869436201781	0.10131332082551595	337.0
now	0.647410358565737	0.8327994875080077	0.7284953768562623	1561.0
future	0.2191780821917808	0.09142857142857143	0.12903225806451615	525.0
accuracy	0.5674783326454808	0.5674783326454808	0.5674783326454808	0.5674783326454808
macro avg	0.3347811809327781	0.33478225109953236	0.31961365191543145	2423.0
weighted avg	0.48373897328087306	0.5674783326454808	0.5113767263205511	2423.0
