	precision	recall	f1-score	support
past	0.13636363636363635	0.08902077151335312	0.10771992818671453	337.0
now	0.6449823499747857	0.8193465727098014	0.7217832957110609	1561.0
future	0.2	0.0838095238095238	0.1181208053691275	525.0
accuracy	0.5583986793231531	0.5583986793231531	0.5583986793231531	0.5583986793231531
macro avg	0.32711532877947397	0.3307256226775594	0.315874676422301	2423.0
weighted avg	0.4778258331676376	0.5583986793231531	0.5055793492458442	2423.0
