	precision	recall	f1-score	support
past	0.13705583756345177	0.08011869436201781	0.10112359550561797	337.0
now	0.6480836236933798	0.8340807174887892	0.7294117647058823	1561.0
future	0.22119815668202766	0.09142857142857143	0.1293800539083558	525.0
accuracy	0.5683037556747833	0.5683037556747833	0.5683037556747833	0.5683037556747833
macro avg	0.3354458726462864	0.3352093277597928	0.31997180470661873	2423.0
weighted avg	0.4845131597615822	0.5683037556747833	0.5120160729233026	2423.0
